"Malta"	"Times of Malta"	"United States of America"	"626"
"Malta"	"Times of Malta"	"United Kingdom"	"373"
"Malta"	"Times of Malta"	"Ukraine"	"361"
"Malta"	"Times of Malta"	"Libya"	"318"
"Malta"	"Times of Malta"	"France"	"223"
"Malta"	"Times of Malta"	"Vatican"	"218"
"Malta"	"Times of Malta"	"Italy"	"198"
"Malta"	"Times of Malta"	"Syria"	"193"
"Malta"	"Times of Malta"	"Israel"	"192"
"Malta"	"Times of Malta"	"Iraq"	"181"
"Malta"	"Times of Malta"	"Greece"	"173"
"Malta"	"Times of Malta"	"Germany"	"129"
"Malta"	"Times of Malta"	"Iran"	"118"
"Malta"	"Times of Malta"	"Egypt"	"116"
"Malta"	"Times of Malta"	"China"	"94"
"Malta"	"Times of Malta"	"Turkey"	"80"
"Malta"	"Times of Malta"	"Spain"	"74"
"Malta"	"Times of Malta"	"Yemen"	"74"
"Malta"	"Times of Malta"	"Australia"	"71"
"Malta"	"Times of Malta"	"Nigeria"	"65"
"Malta"	"Times of Malta"	"Tunisia"	"64"
"Malta"	"Times of Malta"	"Hong Kong"	"55"
"Malta"	"Times of Malta"	"Nepal"	"50"
"Malta"	"Times of Malta"	"Afghanistan"	"48"
"Malta"	"Times of Malta"	"Pakistan"	"47"
"Malta"	"Times of Malta"	"Saudi Arabia"	"46"
"Malta"	"Times of Malta"	"South Africa"	"46"
"Malta"	"Times of Malta"	"Japan"	"43"
"Malta"	"Times of Malta"	"Belgium"	"41"
"Malta"	"Times of Malta"	"India"	"38"
"Malta"	"Times of Malta"	"Malaysia"	"35"
"Malta"	"Times of Malta"	"Cuba"	"34"
"Malta"	"Times of Malta"	"Indonesia"	"32"
"Malta"	"Times of Malta"	"Canada"	"30"
"Malta"	"Times of Malta"	"Switzerland"	"28"
"Malta"	"Times of Malta"	"Poland"	"25"
"Malta"	"Times of Malta"	"Kenya"	"25"
"Malta"	"Times of Malta"	"North Korea"	"25"
"Malta"	"Times of Malta"	"Jordan"	"24"
"Malta"	"Times of Malta"	"Malta"	"21"
"Malta"	"Times of Malta"	"Liberia"	"21"
"Malta"	"Times of Malta"	"Brazil"	"21"
"Malta"	"Times of Malta"	"Sweden"	"21"
"Malta"	"Times of Malta"	"Thailand"	"19"
"Malta"	"Times of Malta"	"Sierra Leone"	"19"
"Malta"	"Times of Malta"	"Ireland"	"18"
"Malta"	"Times of Malta"	"Denmark"	"17"
"Malta"	"Times of Malta"	"Sudan"	"17"
"Malta"	"Times of Malta"	"Somalia"	"17"
"Malta"	"Times of Malta"	"Philippines"	"16"
"Malta"	"Times of Malta"	"Austria"	"15"
"Malta"	"Times of Malta"	"Lebanon"	"14"
"Malta"	"Times of Malta"	"South Korea"	"12"
"Malta"	"Times of Malta"	"Cyprus"	"11"
"Malta"	"Times of Malta"	"Taiwan"	"10"
"Malta"	"Times of Malta"	"Hungary"	"10"
"Malta"	"Times of Malta"	"Mali"	"9"
"Malta"	"Times of Malta"	"Algeria"	"9"
"Malta"	"Times of Malta"	"Serbia"	"9"
"Malta"	"Times of Malta"	"Sri Lanka"	"8"
"Malta"	"Times of Malta"	"Mexico"	"8"
"Malta"	"Times of Malta"	"Iceland"	"8"
"Malta"	"Times of Malta"	"Czech Republic"	"8"
"Malta"	"Times of Malta"	"Argentina"	"7"
"Malta"	"Times of Malta"	"Georgia"	"7"
"Malta"	"Times of Malta"	"Portugal"	"6"
"Malta"	"Times of Malta"	"Moldova"	"6"
"Malta"	"Times of Malta"	"Burkina Faso"	"6"
"Malta"	"Times of Malta"	"Chile"	"6"
"Malta"	"Times of Malta"	"Armenia"	"5"
"Malta"	"Times of Malta"	"Morocco"	"5"
"Malta"	"Times of Malta"	"Niger"	"5"
"Malta"	"Times of Malta"	"Oman"	"5"
"Malta"	"Times of Malta"	"Peru"	"5"
"Malta"	"Times of Malta"	"Guinea"	"5"
"Malta"	"Times of Malta"	"Kuwait"	"5"
"Malta"	"Times of Malta"	"Senegal"	"5"
"Malta"	"Times of Malta"	"Bangladesh"	"5"
"Malta"	"Times of Malta"	"New Zealand"	"4"
"Malta"	"Times of Malta"	"Lithuania"	"4"
"Malta"	"Times of Malta"	"Albania"	"4"
"Malta"	"Times of Malta"	"Norway"	"4"
"Malta"	"Times of Malta"	"Macedonia"	"4"
"Malta"	"Times of Malta"	"Finland"	"4"
"Malta"	"Times of Malta"	"Ethiopia"	"4"
"Malta"	"Times of Malta"	"Singapore"	"4"
"Malta"	"Times of Malta"	"Bulgaria"	"4"
"Malta"	"Times of Malta"	"Venezuela"	"3"
"Malta"	"Times of Malta"	"Cameroon"	"3"
"Malta"	"Times of Malta"	"Vanuatu"	"3"
"Malta"	"Times of Malta"	"Myanmar"	"3"
"Malta"	"Times of Malta"	"United Arab Emirates"	"3"
"Malta"	"Times of Malta"	"Chad"	"3"
"Malta"	"Times of Malta"	"Congo"	"3"
"Malta"	"Times of Malta"	"Romania"	"3"
"Malta"	"Times of Malta"	"Uganda"	"3"
"Malta"	"Times of Malta"	"Jamaica"	"3"
"Malta"	"Times of Malta"	"Qatar"	"3"
"Malta"	"Times of Malta"	"Croatia"	"2"
"Malta"	"Times of Malta"	"Luxembourg"	"2"
"Malta"	"Times of Malta"	"Slovenia"	"2"
"Malta"	"Times of Malta"	"Colombia"	"2"
"Malta"	"Times of Malta"	"Belarus"	"2"
"Malta"	"Times of Malta"	"Maldives"	"2"
"Malta"	"Times of Malta"	"Estonia"	"2"
"Malta"	"Times of Malta"	"Azerbaijan"	"2"
"Malta"	"Times of Malta"	"Monaco"	"2"
"Malta"	"Times of Malta"	"Slovakia"	"1"
"Malta"	"Times of Malta"	"Lesotho"	"1"
"Malta"	"Times of Malta"	"Ghana"	"1"
"Malta"	"Times of Malta"	"Cambodia"	"1"
"Malta"	"Times of Malta"	"Madagascar"	"1"
"Malta"	"Times of Malta"	"Guatemala"	"1"
"Malta"	"Times of Malta"	"Zambia"	"1"
"Malta"	"Times of Malta"	"Latvia"	"1"
"Malta"	"Times of Malta"	"Rwanda"	"1"
"Malta"	"Times of Malta"	"Falkland Islands"	"1"
"Malta"	"Times of Malta"	"Kazakhstan"	"1"
"Malta"	"Times of Malta"	"Nicaragua"	"1"
"Malta"	"Times of Malta"	"South Sudan"	"1"
"Malta"	"Times of Malta"	"Burundi"	"1"
"Malta"	"Times of Malta"	"Tonga"	"1"
"Malta"	"Times of Malta"	"Honduras"	"1"
"Malta"	"Times of Malta"	"Central African Republic"	"1"
"Malta"	"Times of Malta"	"Bahrain"	"1"
"Malta"	"Times of Malta"	"Bolivia"	"1"
